Model,Accuracy,Precision,Recall,F1,AUC
Logistic Regression,0.8524590163934426,0.8709677419354839,0.84375,0.8571428571428571,0.9375
Decision Tree,0.8032786885245902,0.7941176470588235,0.84375,0.8181818181818182,0.8011853448275861
Random Forest,0.8688524590163934,0.9285714285714286,0.8125,0.8666666666666667,0.9369612068965517
SVM,0.8688524590163934,0.9,0.84375,0.8709677419354839,0.9428879310344827
